415224400641003000,You asked: Any surfing today? @oc_lauren 
415223538761879000,"You asked: my birthday is in 2 days, please could you wish me a happy birthday? "
415222711343140000,You asked: Who are you spending Christmas with?  @rosiepaynex 
415157333875232000,#selfie 
414900976706142000,The boys had a big day 
414512977405292000,My boys 
414497453787058000,Today is Radar and Tanks first day  at home! I saw Radars brother Tank and couldn't resist. It's safe??? 
413723067387760000,You asked: Have you ever been to England? Do you plan on visiting London in 2014?  @sophiaxcx 
413416552470691000,You asked: Give us a tour of your new home! 
412633436315471000,You asked: What are you doing on New Years eve? @mettecbs 
412632645315858000,You asked: i met you in philly once! are you planning on coming back anytime soon?! 
412181104590716000,Follow @KidRED_  NOW!!! He's the next West Coast HipHop Superstar!!!!
411215853590700000,Had a little visitor stop by the compound today.   
411213225452396000,You asked: We all know you're a sports/outdoor guy. What is your favorite sport or activity? 
410807005759434000,You asked: When are you coming to Scotland? @jam1ryn 
410806083595558000,You asked: If you could pick anywhere in the world to live other then LA where would it be?@mettecbs 
410278180675928000,I took this photo a few years ago back in Malibu with my 7D. I have lived here for 30 years and never??? 
409466078616903000,Where do you think I'm going?  
408514940413423000,Had the best time listening to Bruiser and Tiger chop it up... @twfoundation 
408494311949746000,??ê? 
407682892941516000,love this time of year . 
407348449953456000,Follow the rainbow  
406587855176495000,shwayze and I enjoying the sunset from the top of the compound. 
406531610692292000,Happy Thanksgiving everyone.  Please ask me any of your questions or pics you want me to upload.   
406471978976292000,Nothing like a good honey-baked glazed ham on thanksgiving... Isn't that right boys @toddy_bow??? 
406183319878242000,Finally found our thanksgiving turkey!! Where u been hiding Chunk? Time to stuff your little ass and??? 
406132191106990000,Had some visitors this morning. 
405817529425477000,Too bad it's such a crappy day the day before thanksgiving. ???? 
405411602671099000,Yeah boys! 
404780256189751000,T. just continues to impress the boys with his musical talents! @taylormosher @nickmontealegre??? 
404764021544738000,@taylormosher was killing it on the air saxophone solo last night... 
404045480377982000,Chicago's Grid 
404025404195082000,The newest member of the Jenner Family... 
403983120602791000,Airport life ?????è?ù???è 
403009165209403000,Sunsets have been unreal the past few days 
402599602769387000,Just posted a photo 
402262784727351000,Good to be back 
401912145316937000,It's been Real Australia... Unfortunately it's time to head home. See you later little Rico!! Hold??? 
401553688046895000,"Such a incredible story... Please read this!!

"
401486551169138000,See you in a couple days chunky McChunk 
401198871512363000,Here we go again... Best airline around. @virginaustralia 
400902030602301000,Amazing sunset to end an amazing trip to the Gold Coast... themadhueys deanhazza dingomorrison??? 
400601950133440000,@joelparko is not only a world champ in the water but in life as well... Sickest hack ever! 
400516825433505000,Wish I could take this one home with me... Way to capture the moment nikbelcevich 
400503971724685000,Met a new friend out here in Australia 
399567808566403000,Great night with the boys @rickiefowlerpga dingomorrison @therealkandui @joelparko 
399444900690677000,The boys have arrived in Surfers themadhueys @therealkandui mattyosborn nikbelcevich 
399384374887845000,Congratulations to @kristina_russ for becoming the newest @rockstarenergy model... Big thanks to??? 
398994607671095000,My friend nikbelcevich is amazing / knuckle head 
398837071269621000,"So happy to be in Australia with my family on the other side of the world.. Wish @sprandoni ,??? "
398626287075753000,Good times yesterday at the Melbourne Cup with the boys jack_scollard dingomorrison @therealkandui??? 
397949571269414000,Chunks little chunky ass is gonna have to find somebody else to watch TV with 
397890638613872000,See u in 2 weeks LA... The boys are going down under #Australiabound 
397601894941462000,Can't wait for Australia!! See u in a couple days
396227987185868000,Fuck Halloween.. We R ready for Christmas.. #familytime 
395353809670930000,They really are my sisters @kendalljenner and @kyliejenner haha 
395340678253002000,@sprandoni filming me trying to film him on Superman haha classic 
395333707592384000,Birthday fun with my beautiful little sister @kendalljenner and the family!! @sprandoni kimkardashian??? 
395278369581199000,Ready for winter ??????è? 
394212156666695000,Chunk training for the animal Olympics.. Usain bolt got nothing on Chunks 100 yard dash 
394201834388475000,True love 
393960295598931000,Night seems to be going well #Bweez @noodleking56 tackelberry great times. 
393937193947119000,"Let the Halloween festivities begin... ""Dia De Los Muertos"" theme. Would u know it was me? "
393896517347848000,Candid pic of how me and Chunk watch TV... Can't sneak up on Chunk #homieforlife 
393561341380001000,Nothing better than doing what you love while giving back to your community.. I had so much fun today??? 
393147141897854000,You guys got to go check out my boy @ianwalsh4 new video.. Yes that video frame grab pic is him??? 
392866068148264000,I think he's pissed 
391731262853251000,Best tasting beer? I guess not 
391511478039490000,West meets East.. One love @irvgotti187 @KidRED_ 
391350361963106000,tackelberry practicing for the X games at the compound... @ronniefaisst joshhansen100 @twitchthis??? 
390714735467196000,Great night out with the boys celebrating @toddy_bow birthday @ronniefaisst nikbelcevich??? 
390704329235386000,Sure wish I could fit in with my friends @austincarlile and @tallywood ... I remember my first tattoo 
390660718892449000,No place like home 
389951043595153000,@KidRED_ knows what's up with themadhueys #ComptontoMalibu 
389271263375818000,Gotta repost this... Two of my best friends @brirapf and sandropez have been close friends all their??? 
389230782960902000,Repost pic from one of my favorite photographers clarklittle ... This one says it all 
389148113799499000,tackelberry and I doing some yard work around the zone today. 
388782109579833000,cheforen whipping up some incredible sushi last night for friends and family.. Thanks jesse_fishman??? 
388511432457068000,@krisjenner and I are dating now and @sprandoni and Bruiser seem pretty chill about it hahah 
388476476334817000,Creepy little Chunk lurking form above.. 
388425747419103000,Golf day with Bruiser.. He pulled this on a bit left but it's probably because he has a'lot on his??? 
388111114523140000,Had a blast last weekend messing around in the shore break during the Santa Ana winds 
387771614915739000,Amazing sunset tonight at the place I love to just sit and contemplate life.. To tomorrow being a??? 
387470312503517000,Nothing beats a good bonfire 
386448683027664000,No lifeguard on duty rustyhook12000 and tackelberry 
386258245876473000,@sepp_bruhwiler and I headed out to go for a surf last year.. Can't beat surfing while looking at??? 
385984935770988000,#tbt my big bro @sprandoni and I at 16 and 18.. How's that wetsuit tan line! Ha love my big bro 
385050002608762000,This new IOS7 is dogshit.. Wish I never downloaded it
385030246292267000,Rise and shine 
384837255665573000,Posted up watching a movie with the Chunkster.. I guess he is not that into it 
383044414291324000,Had the opportunity and pleasure of playing a round of golf with @daniellekang and Bruiser today at??? 
382618199918792000,Don't really know how I feel about this new apple iOS 7 download.. Any thoughts?
382615313034264000,No place like it #nobumalibu 
382244415437541000,Chunk!! You alive buddy? Somebody must be tired 
381531559238856000,Tonight 9009 west sunset blvd 9pm @theroxy..  simonrex415 is gonna have a live sex show.. You are not??? 
381207271528988000,Parked my bike in the bar. @nickswardson just saw a ghost take a shit. Glad I missed that. 
380457682236604000,Yewww! Congrats to @TajBurrowAus on a well deserved win!! 
380444797129228000,Stoked to see these 2 in the final @TajBurrowAus and @ouyasupport #hurleypro 
380417769411710000,Whatcha lookin at Chunk 
380006760767315000,Posted up checking out the #hurleypro at Trestles. @TajBurrowAus ripping  these little waves. 
379795435596283000,Thanks for the shot @blackpearl_sub 
379612817198166000,Even if there are no waves.. I wouldn't wanna live anywhere else.. Early morning mini Moto ride up??? 
379601228764028000,Early morning surf check at lake Malibu.. Really missing Indonesia right about now 
379374671323750000,Made it back to LA and already wishing I was back in Indonesia... This was a photo taken by??? 
379177021538304000,????????? down.. 1 more ??? to go 
379009552567795000,Wake up anthonymarcotti the journey home has just started!! Put everything into making this face.. So??? 
379000214667137000,It's been a lot of this flying thought these parts.. Captured this from my iPhone landing In Jakarta.. 
378893251711090000,After this wave I realized it was not the best idea to pull in to the barrel at onshore Bankvaults on??? 
378772850356019000,Big thanks to anthonymarcotti kanduiresort and all the amazing staff for yet another amazing trip to??? 
378214705267220000,anthonymarcotti and @blackpearl_sub making me eat Mentawai candy.. I'll try anything once haha??? 
378198605540380000,@blackpearl_sub it's getting interesting at kanduiresort tonight haha @blackpearl_sub can dance too!!??? 
378166339762155000,Hanging with the Shaman themadhueys style.. kanduiresort 
377997517105164000,Posted with anthonymarcotti waiting for the swell to pick up.. Feeling pretty scruffy after 8 days in??? 
377766820377542000,Remembering all who lost their lives 12 years ago on this day and all of our troops .. United We Stand 
377757670264299000,Now that's what I call a BBQ kanduiresort 
377374490826924000,@kanduivillas .. Good times @blackpearl_sub 
377370441540980000,Listening to one of the most talented people I know @blackpearl_sub not only the best photographer in??? 
377074645738221000,Good times coming across the mangroves to @kanduivillas and hanging out... The hospitality is always??? 
376695522759032000,Headed north the other day to check out some other waves during the swell and anthonymarcotti got the??? 
376367937499971000,Had one of the best surf sessions of my life today with anthonymarcotti out at Rifles... Time to??? 
375818663372533000,Waves are absolutely going off today!! kanduiresort 
375435595327492000,A couple little fun ones out front yesterday.. Best place on earth kanduiresort 
375418148490854000,The reef and I just can't seem to get along.. 
374697762631450000,Made it to Indonesia.. anthonymarcotti looking good back there bud 
374650888776065000,Who needs business class when u have a whole row to yourself.. Thanks for taking a pic of me while I??? 
374621642817036000,We out here anthonymarcotti 
374484339666747000,Made it to Japan.. 2 more flights 2 go 
374048356655702000,Always good seeing my brother @irvgotti187 ... Thanks Atlantic City!! Next stop... Indonesia??? 
373842053710376000,@Virgin is hands down the best airline around PERIOD! @richardbranson you are the MAN!
373822540256669000,Repost from my boy @charliebro absolutely love this pic 
373691708233752000,San Francisco for 12 hours..  Atlantic City for 10.. Then the long journey to Indonesia starts??? 
373629769507954000,Off to San Fran virginamerica 
373218788596285000,Can't even begin to tell you how excited and grateful I am to be working with this legend @shaunneff??? 
373197724851912000,One more week! anthonymarcotti dingomorrison #tbt kanduiresort 
372890334344540000,Chunk u know I love u but I think it's time we put your little fat ass back on a diet.. Those neck??? 
371967283658518000,I think it's time anthonymarcotti and dingomorrison 
371957209761992000,@LexiWeyandt oh I see :)
371954382801076000,@SasssyKendall I saw it :)
371954165666156000,Might as well just get the day started.. Hope everybody is having a great day/night wherever u are in this crazy world ???
371952622032277000,@rakapameehan thanks for the love
371951141040312000,Hate it when u get woken up in the night and can't fall back asleep!! Especially when u have to be up at 6am.. Who is up with me? I'm bored
371747169868738000,Just posted a video 
371121457419780000,Downtown LA 
370753424104902000,Somebody is tired 
370395469215969000,Thanks so much to jttorregiani @sylvainbitton  mattyosborn and @stoli for making my 30th bday??? 
370332372715438000,Some things never change... @sprandoni always being the voice of reason.. Best big brother anyone??? 
370303330385682000,Time really does fly... Thanks for the awesome birthday video Mom... @LindaThompsonLT 
370281777023033000,Thanks for all the birthday love twitter world!
369625582738616000,Just landed from Vegas. Lost 300$ and my virginity to Carrot Top. @nickswardson @nikbelcevich mattyosborn 
369369715413504000,Good times in Vegas with philivey.. Where u at @KidRED_ ? 
369181022312620000,@taylormosher didn't make it past the ladies T.. 
368435773143777000,Later LA.. San Diego here we come 
368427048907591000,You are the man @tallywood  congrats on the launch! Go support my boys new line crslclothing 
368240688313675000,Lil Hendrix jamming out to his dad @shwayze .. Like father like son 
368147200779780000,cheforen whipping up some sushi with the fish we caught... The reel deal 
367854814417682000,Whale action #fluke 
367825353571848000,@brirapf and I were not expecting to snag this 50 pound yellowtail on the way back up to Channel??? 
367690529527824000,"As somebody who eats fish on a regular basis, I prefer to catch my own meal in a legal and responsible??? "
367685395909468000,Heading out of the harbor and saw this bad boy!.. The journey home starts now #sushipartytonight??? 
367460679818956000,#successfulmission  #bloodydecks #40poundbluefin 
367128225459482000,Go time @brirapf 
367069470931824000,Made it to SD!! #bluefin 
366979716290318000,Nice day on Catalina.. #SDbound 
366920938849173000,Best deck hand around @brirapf .. happy 30th bud!! How's that bait pump looking? 
365977069743652000,What an awesome trip out to the desert with the family! This is the long road to Area 51 that I never??? 
365926882388099000,Where the hell am I 
365533973914468000,Family flight time!! Yewww!! @kendalljenner @robkardashian @kyliejenner @khloekardashian 
365360307570360000,Yeah boys!! checho420 @brirapf tackelberry @toddy_bow 
365346763340652000,"Thanks @DougReinhardt1 and @bronhe for whacking your ham so hard today, therefor allowing @toddy_bow??? "
365197489315397000,Thanks for the shades  vonzipper I will put these things to good use 
364584986206150000,Can anyone identify this creature? 
364472452111663000,Repost from nonemaker_10designsinc shark week!! 
363845529693720000,followthefishtv idea... Sucks for him 
363842671355641000,I guess followthefishtv is getting maggot haha themadhueys 
363804249966129000,Good times at the Malibu Invitational with followthefishtv bhollyb @chloemchapman and jesse_fishman ..??? 
362806576400199000,PLEASE GO VOTE IF YOU HAVE NOT ALREADY! It's co close! 
362784980293779000,Everybody please do me a favor and go vote for my boy Dane Reynolds to be the wild card in the??? 
362657989817151000,Say hello to my little friends 
362566849273143000,We out here dklegend 
362558933036044000,Yeah @sprandoni .. Where u at dklegend shaunwalsh20 @ianwalsh4 
361544704644497000,If u don't got it.. Get it.. My man 
361255750082891000,Congrats to my oldest brother bjenner for winning Octane Academy!! Burt u are one of the hardest??? 
361243146769809000,"Glad to know I am not the only one who thought that was nasty.. I mean.. Camping, ""I forgot my toothbrush!"" I get it.. but every night?  Ha"
361241681464528000,Does anybody think its weird that my friend shares his toothbrush with his girlfriend every night? Thought that was weird.. Am I tripping?
361230245413650000,We up here.. 
360259195066527000,Putting in some work for the shecklerfoundation charity  golf tournament this Monday.. @tcclarkeee??? 
360233205544140000,See u tomorrow 
359035848710303000,Good times @toddy_bow 
358939088189009000,Adam Scott is the man
358936915573092000,My Sunday morning... Who else is with me? 
358823844779278000,"Seal throwing down Its a Mans World ""yeah seal!!"" Lol "
358795353283235000,Father daughter dance.. Don't think I am supposed to yell yewww during it? Sorry Dave ha 
358775708882960000,Congrats to my beautiful little sister jordiefos !! You looked so beautiful today 
358565322585931000,Good morning 
358327943140872000,New toy for the compound... Time to start building that 70 track!!.. It's all about #johndeere 
357278349367836000,A photo I took a couple years back.. Good times that day. #nofilter 
356850677064019000,"Everyone go support my boy @Shwayze and get his new album #ShwayzeSummer! It's his best one yet! 
"
356193548904824000,Texas is no joke with the beers 
356120456849403000,Don't be mad at me for leaving you for one day little Chunk!!.. See u tomorrow little homie.. Off to??? 
355516824441466000,Chunk and I getting our fitness on 
355474886329774000,Looking forward to hosting @winstonsdallas this Saturday in Dallas!!.  #winstons
355459354515865000,@sprandoni and @leahfelder percussionist @csteeledrums throwing down a solo.. #brandonandleah 
355088440720756000,Stretch it out chunk 
354686764939612000,Chunks passed out... Oh and don't mind the facial hair haha it was a science experiment gone bad 
354684302044299000,Congrats to @sprandoni and @leahfelder for making it to #4 on the iTunes pop charts!! #brandonandleah 
352680886044610000,@Toddy_Bow found his bed for his pre 4th festivities 
351196386877915000,Who's is coming to @KnoxvillesYEG? Me
351195675888861000,It's 1030 pm and still light out.. Love Edmonton
349635936939802000,The best way to celebrate my last day in paradise @Casamigos 
349336733906771000,Caption? 
348946937665425000,Exploring the island of Lanai in this bad boy 
345386359625752000,4k soft sand run to finish off the day 
345332010316865000,This can't be comfortable 
344311285057478000,"Chase your dreams, It's worth it.. Mine is traveling the planet we inhabit... What's yours? "
344174646268137000,The long road home 
343932806445027000,Goodnight twitter world.. Thanks for the love
343256526938595000,Anybody know where the epicenter of that earthquake was?
341781328355786000,Man this was a fun day in Indo.. Getting ready to head south tomorrow! Amping  anthonymarcotti and??? 
341115376161136000,Representing themadhueys 
340689797712584000,Is it just me or does anybody else feel like their car runs better on a full tank of gas..
340542740632846000,Congratulations David!! Love u 
340372541640155000,"WATCH THIS VIDEO!!!! and check my boy Dingo Morrison Killing it

"
339911050910646000,Big thanks to #articcat #wildcat for letting us thrash today! Glad @robkardashian walked away from??? 
339908538497396000,Today is too much fun with @robkardashian @sprandoni  bjenner Bruiser and @mmgeneral 
338849557574205000,
338814011187539000,Where's Waldo? 
338767826083008000,And so the summer begins.. @nickmontealegre @shwayze mattyosborn @taylormosher 
338511213052968000,Malibu brothers @shwayze and @nickmontealegre 
337745358102872000,Happy birthday to my amazing mom @LindaThompsonLT Thanks for always letting me crash on your lap :)??? 
337718281966321000,She's quick 
337452794955063000,Dinner with the boys mattyosborn and tackelberry thanks @aventinela jttorregiani and @sylvainbitton??? 
337310917870104000,Beard is finally gone.. 5'oclock your in 
336274864581275000,Ok now this is just getting ridiculous @shwayze 
336269239923142000,His stories must be that good.. Another one joined lol @shwayze #whereisthecampfire 
336266997958586000,@shwayze doing what he does best.. Entertaining while getting #shwasted #sundayfunday 
335956882554494000,Reunited :) 
335490543557701000,Thanks Obama... I'll take it from here 
335361109668278000,I set a record on this trip for the longest I have ever grown my facial hair out.. Not gonna lie..??? 
335323839078731000,Posted up in Japan for an hour.. Had to grab the only beer with the golden star rockstarenergy yeww!! 
335258271545966000,"Watching Chasing Mavericks on the plane while ""surfing"" the Internet.. Technology is so astonishing??? "
335206992513748000,I've never been on an airbus A380!! This thing is rad... And massive! @ Singapore 
335148222555242000,The long journey home.. 
334797440404316000,Won't forget this place... All I will have to do is look at the new scars on my back.. Great times in Indonesia with??? 
334787932646957000,Ok the mop is getting out of control... U 2 look real cute in your little bunks @bradleygerlach and??? 
333402966113517000,Super stoked to be back at #kanduiresort scoring some fun waves. 
333400976725770000,Me against the reef... The reef wins every time 
330636045773320000,Indo traffic jam... Just glad that tree didn't take us out 
330588723496513000,We made it!! anthonymarcotti @bradleygerlach good times ahead @ Padang 
330463761808896000,If u are ever gonna plan a trip to the the Gold Coast u better ask these boys for permission.. Look em??? 
329928398988259000,Traveling solo is the best :)  
329645264451276000,Last sunset in Greece.. Gonna miss this place 
329602554797387000,@tackelberry u would be proud!! Epic last day in Greece... Indo bound  
329275313198604000,Chillin with Pops 
329158751204548000,This place is awesome  
328899005960564000,Yewww!!!  Good times @kyliejenner 
328867214612627000,They still exist!!! 
328741573095469000,Good morning Greece.. Got@to be a late night soldier to get this shot @khloekardashian and??? 
328553648948932000,My dream keeps getting better and better 
328511695737729000,Anybody wanna take a Jacuzzi? I feel like I am in a dream 
328192467914588000,Carpe Diem.. Another beautiful day in paradise 
328157835974291000,My little sis @kyliejenner and I ... Family time is the best 
327866482459557000,Today's vibe was epic... Having a blast with the family @khloekardashian @kendalljenner @kyliejenner??? 
327465935118139000,Happy to be in this part of the world... See u soon Indonesia! 
326911076396568000,Good morning Istanbul  
326466234004697000,Check out your GlamCam 360 Photo! 
326460445936476000,Hectic 
326339962414956000,Epic day in NYC 
326228781993967000,Off to NYC!! 
325774115388682000,#rockstar goes big.. reggie_bush22 tackelberry @sylvainbitton jesse_fishman jttorregiani 
325738091874766000,Saturday hang sesh at the #rockstar pad with jttorregiani tackelberry and @sylvainbitton @ Rock Star??? 
325339235915804000,@sprandoni walked in on Chunk and I the other day taking a nap.. Classic 
325022893853511000,Launch site survey with @sprandoni looks like we found a pretty good one. 
324771491059208000,Tackelberry's ping pong tournament has got some ringers!!  
324290053494943000,So stoked for my brother and his wife! Finally heard their new EP and its insane!! Download it here: ??? 
323915631655260000,Yeww!! Yeah boys!! 
323912201784143000,Driving back from coachella and the wind is no joke... 
323572324345450000,Setting the vibe at coachella 
323546841935400000,toddy_bow and I setting the vibe at coachella 
323229906253271000,Raging at the resqwater house call my boy @tallywood to cruse by 1(805) 895 8820 
323218386052071000,Great times at the resqwater house. Follow them!!.... 
323071830703366000,The cock love boat 
323071007843819000,
323021544496447000,
322975050305257000,The boys made it to coachella!! Good man @troyresq and resqwater for hooking it up!! Go time @ Coachella 
322860776849281000,Chunk knows how to give the best hugs.. Off to coachella bud.. See u in a couple days 
322516689428299000,Today was an interesting day  
322255871562371000,Da boys @tackelberry and @IanWalsh4  
322071957321433000,Classic Introduction at the Michael Jordan Celebrity Invitational  
321829277412773000,That's Gizmos bed fat boy.. U are too big for that thing 
321805918562045000,What happened to your right ear Chunk? 
321712190421889000,"Very sad day in Malibu today.. Steve I will try my best to ""be good out there"" I will think of you??? "
321499640933523000,Bruiser getting his ping pong on... Featuring Lord Disick and Roberto  
321454815945306000,Congrats @sprandoni and @leahfelder on your record release!! You both are so talented... Love u..??? 
321410736926621000,I don't know @sprandoni Bruiser has really been practicing for the tournament.. The guy is in his??? 
321327436153384000,Feeling a bit like Albert Einstein today!... Or maybe a dust mop? Might need to cut this mess soon 
321072485372153000,Driving to Vegas is awesome... Driving home From Vegas sucks 
321029770202718000,My first standard bearer!! I had such an incredible experience this weekend at the Michael Jordan??? 
320740485981425000,Michael Jordan charity event.. Blue man group!!.. These guys are rad 
320384245216444000,Poor Bruiser only has 1 hahaha classic 
319602845420773000,"Had a fun practice round today at the Michael Jordan Celebrity Invitational..
It all starts tomorrow??? "
319544883142606000,Chunk had a great workout today!! Really? 
318572927094226000,Keek vibe.. Settle down there @diamondsworld  
318149080142462000,@diamondsworld is at it again.. The new sport!! Hahah  
318131305239953000,Yeah boys!! tackelberry and rustyhook12000 good times @themadhuis 
317803220762230000,Some people call it paranoid .. I call it prepared. Be careful who's door you are coming through??? 
317551245109911000,My brother from another mother jesse_fishman... Best fisherman around @themadhuis do your research??? 
317496510654861000,"The Milwaukee's Best commercials are the best commercials I have ever seen..     
Check them out"
317456157016993000,Carpe diem! Rejoice while you are alive; enjoy the day; live life to the fullest; make the most of??? 
317407011824365000,Well it official.. NO! keek for Bruiser hahaha I tried @leahfelder and @sprandoni  
317368950918889000,Saying hello to the keek world.. Yeww!! 
317088928932954000,It's about that time for a haircut... Or is it.. 
316779744391725000,#nobumalibu 
316598606180274000,Chunk passed out while watching Animal Planet again... 
316305050853060000,Finally a little south!!.. Summer is around the corner. 
316293403744825000,Scouting launch zones for the PPG's.. Looks like I found a nice one @sprandoni @ Malibu 
315377819888787000,@themadhuis made it to Malibu.. Too bad tackelberry is looking super trisexual in it. (he will try??? 
315143060403150000,Some more fun with my baby 
314936243332997000,@sprandoni 's dog Gus is the wonder dog.. Lets see what your dog can do! Yeww!! 
314816274037366000,Road rage... Don't keek and drive  
314775113977438000,Who is uncle Rico? guest appearance by @tackelberry at the end.. Thank god the boys left Cabo  
314485300783087000,The only place Chunk will allow a bath is in the sink! haha every time we try to put him in the tub he??? 
314481810346217000,Bored at the airport taking life VERY serious!!  
314190480944537000,Take life VERY serious ;)  
314186863080509000,"""I'm not made for show I am made to go"" 

 A quote I always remembered from my Dad Bruiser... I live my??? "
314179823843028000,Anybody have a dog that can do this? keekback the video.. Gus is one smart dog :)  
313732909532057000,Chunk loves his little legs being scratched.. He kinda looks like turkey... Maybe we should roast him up???? 
313489139569917000,I think he is mad at me for not taking him to Cabo.. You weigh too much Chunk! Maybe next time 
312074829446651000,Surfs up bra  
312049693146370000,@toddy_bow high fashion  
311947579904647000,@frankiedelgado bachelor party just got weird @ Cabo 
311576858154127000,
311570731962085000,Hey Bellasario way to bring your high fashion to Cabo.. Are those wetsuit pants? Haha 
311472456051343000,Good morning LA!.. Now see you later!... Cabo get ready for the boys!! @frankiedelgado you animal u #cabo??? 
311363096071507000,Another pic from today's session.. Thanks @shwayze for letting us come skate it! Yeww 
311275753469792000,"Little Chunk spots Bruiser coming in.. I think I got his ""oh my god"" down haha what do u think? "
311254216637296000,Forgot how much fun this was!! Good man seanmflynn for the photos #Disaster 
311163626058817000,Listening to @therealshwayze play me his new stuff.. Sounding amazing!! Oh and he is lying.. Just tobacco ;)  
311156494026551000,Looks like today is gonna be a nice day 
311125625589088000,Breakfast.. Actually starting to enjoy cooking!.... Never thought that would happen.. #gettingoldersucks 
310871434480201000,#sundayfunday over at the @shwayze compound with tackelberry @FreedomArtists1 and jesse_fishman 
310846149064007000,Check out the cinnamon challenge with @tackelberry and @jessefishmon9 haha got these guys back  
310835761790451000,Honey did u miss me? You better not of let anybody take u for a spin while I was gone.. 
310797797890850000,This mornings sunrise from the air #nofilter @ Somewhere Over The Pacific 
310786837805428000,Just got back home and I am already missing Australia  .. Hopefully be back sooner than later @ LA 
310353879005028000,Last night in Coolangatta.. Sure gonna miss this place.. It's been real boys!! @themadhuis midgetmagic??? 
309971796076158000,Reunited with my brother benny_godfrey !! @sprandoni he said he misses u... Yewwww!! andyff and the??? 
309912842944004000,This might be the end of the Animal @themadhuis 
309861776500064000,I miss u too little Chunk 
309740231240871000,Thanks for the goodnight kiss andyff.. kook... yeah bruvva!  Good man 
309613060765667000,Tomorrow nights gonna be a big one!! Thanks korinne for dealing with all the madness 
309489581957447000,Yeah mate!!! Haha @themadhuis 
309331943370133000,We did it again jack_scollard love this Kid ... Follow him!! 
309304096014364000,jack_scollard keeping it real 
309168303178407000,The Harlem shake Australian style!!!! With @followthefishtv starting us off 
309157444389584000,Looks like the party is just getting started @themadhuis   followthefishtv 
309153496387686000,Even the Grommies know what's up @themadhuis @ The Unit 
308855485753344000,Another amazing day with my family away from home @themadhuis jamowillo deanhazza anthonymarcotti??? 
308838305598947000,Posted up at the @themadhuis photo shoot.. deanhazza you are supposed to look at the camera bruvva!! @??? 
308788313089781000,Chilling in one of my favorite places with the boys anthonymarcotti dingomorrison jamowillo @ Byron Bay 
308752952573718000,dingomorrison looking more like Dingo Woods 
308423543257964000,My brothers from other mothers dingomorrison deanhazza @themadhuis anthonymarcotti @jimijphil good times??? 
308055047118389000,Local boys always come first @themadhueys  
308037223918469000,U can't buy respect @themadhuis @ the unit 
308006703083974000,I'm back :) 
307426282243768000,Hanging with the Crew @themadhuis andyff anthonymarcotti at @komune this could get interesting 
307324029046489000,Yeww!! 
307296095514537000,Watching it all go down... Anthony stop being so shy!!  
306893438400487000,Going through my phone from last night and hmmm.... It that Elvis in a fish tank? Hahaha good times 
306796065762463000,Good times in Surfers Paradise tonight. @ dont remember 
306714576555241000,Had the opportunity to hang out with one of my Idols tonight @joelparko can't even explain to you all how??? 
306650311840387000,Thanks to the @Oaks_Hotels for setting the boys up proper! 
306627695880572000,I found that Kook @jimijphil !!! Hahaha brothers reunited!! This guy is a #legend follow him.. Yeewww!! @??? 
306572050967977000,So happy to be back in the Gold Coast!!... Absolutely love this place and so many good memories..??? 
306568431635931000,The boys have arrived :) anthonymarcotti .. Where u at @jimijphil ? Pick up your phone kook haha @??? 
306496975438749000,Made it to Australia!! It's go time! 
306268286121828000,Peace out LA 
306267585060691000,Best airline virginaustralia.. Richard Branson you are the MAN!! @ Australia bound 
306216569753722000,Monday selfie dedicated to @tallywood and toddy_bow haha headed off to Australia.. Yeww! 
306204117217472000,Don't follow my example people.. I'm clearly an idiot  
305953572196073000,See you in a couple days Boys!!  @jimijphil benny_godfrey yeww! anthonymarcotti you better be ready @??? 
305762995642961000,My little Chunk :)  
305680999755444000,Late night blow dart session with @tackelberry .. thanks for putting your trust in me!.. Sorry for missing  
305656550813474000,
305652341212852000,
305507177504849000,@tackelberry and @diamondsworld setting the vibe for Malibu shake haha let me see some good keekbacks!! 
305489382339670000,The new Tesla is so LEGIT!! Love this car!! @ crusing the Zone 
305489125396586000,The new Tesla is LEGIT!!! This car is no joke 
305485453736439000,Me and my love just having a but of fun behind Ralph's in Malibu.. Old school is the only way to go.. 
305473478822346000,@diamondsworld getting some help creating his new seedy tender profile with the one and only @tackelberry haha  
305461283552108000,Me and my love just having a but of fun behind Ralph's in Malibu.. Old school is the only way to go..  
305401222913990000,If you don't have the app.. I think it's time to get it... Follow me on KEEK! @brodyjenner I can see??? 
305181384991985000,My brother @sprandoni setting the vibe for today :) 
305181224773775000,Good old Bruiser trying to figure out this whole Keek thing haha 
305124519708864000,@sprandoni doing his pre flight routine.. See u in the sky my man.. Yeww!! 
305093587224375000,I got you Chunk!! 
304796485294374000,My boy jesse_fishman is trying to get me fired up about diving Guadalupe with this photo he took.. Hmmm??? 
304790922120548000,"tackelberry really making himself feel at home at jesse_fishman new spot.. ""Need another beer Tak or are??? "
304477318280257000,"@frankiedelgado is setting NOBU on fire.. Literally... ""steak with lots of lemon please"" @ NOBU LA "
304400027319681000,New tires for the Escalade.... It's time for a trip to mammoth @sprandoni tackelberry @tallywood @ The Vally 
304350653118025000,A clean eating lifestyle is the only way to go.. #stayhealthymyfriends @ Malibu Seafood 
303978152173133000,Thanks @dcshoes for all the new gear.. Going straight into the bag for Australia! 
303268794766352000,#sundayfunday with my brother @sprandoni now all we need are some waves @ The Zone 
303088810307231000,tackelberry aka CHAKA!! #landofthelost 
303033029671124000,Chunks Saturday night is looking pretty epic 
302859521351626000,See you in 10 days Australia #GoldCoast 
302697059583160000,I feel so fortunate to have grown up with this in my back yard... Appreciate life and your loved ones :)??? 
302634929542549000,Damn! Chunk you are looking swole in this!! I guess the little fitness plan I got him on is working 
302602662493442000,"Congratulations to my friend anthonymarcotti and his new project in Fiji, Vunabaka!!. Check it out..??? "
302326801001230000,My #valentinesdaybrofest continues with my brother @frankiedelgado @ Greystone 
302295589981413000,I already told you #valentinesdaybrofest (girls are always welcome) @ undisclosed location 
302262735561961000,#valentinesdaybrofest 
302214213500280000,Valentines day toast with my  love @frankie_valli at the Beanery haha where u at @nickswardson ? Happy??? 
301827283717607000,"Good day of golf today with pops.. Aka ""bruiser"" "
301482750769258000,Stop spying on me Chunk 
301479366842515000,@rebeccccahale @guccichloie I did read it haha
301142175335464000,Good times in SD this weekend with the boys! @robbiemaddison mmlinkogle and @RyanSheckler you guys got to??? 
300106846449045000,Toro Tartare.. The real deal #nobumalibu 
300069411786731000,What an interesting looking animal.. haha the little homie Chunk 
300034045214072000,Yeww!! Thanks @troyresq and resqwater perfect timing!! Friday!! Haha we are definitely hitting these??? 
299687397237600000,"See you tomorrow @ Malibu, CA "
299630289158819000,I am going to smother you with kisses whether u like it or not little Chunk! 
299358460993228000,My first backflip!! Haha great times with @robbiemaddison for his new short film.. #dcshoes @ DC 
299267581364273000,Just came across this photo of my mom @LindaThompsonLT with the king back in the day at one of his??? 
298832408533405000,Good morning 
298709515250061000,Great White Snickers Bar @ Channel Islands 
298215969346707000,Hahaha that Goat Doritos commercial is classic
298210159061237000,Need to go back up!! @sprandoni tackelberry u ready? 
298194005223698000,Yeww!! @sprandoni tell the boys dklegend and shaunwalsh20 wadup for me!! Go surf Jaws with them haha??? 
298184262044246000,Chunk is about to get his pre Super Bowl workout on to burn off all the Chicken nibbles he is gonna crush??? 
297639236360876000,"tackelberry being sober.. Glad _klaw_ and darkride_huner came out to kick it with the boys!! @ Malibu, CA "
297523224873406000,Lunch with mom.. Love her :) 
297232722135511000,So happy to see my brothers jttorregiani @sylvainbitton opening a new spot in Hwood.. These 2 are the??? 
297189798962155000,Can't believe I just ran into this legend... Look how excited @frankiedelgado  is! 
297165918335823000,See you tomorrow 
297125437748953000,Appreciate every moment you have on this earth and live life to the fullest.. So sad  #ripCalebMoore 
297121760577478000,#TCB mom with the king... I told you @tallywood and @troyresq that he used to roll around in his karate??? 
296873594271694000,"""Kick back bro"" hahah thanks @frankiedelgado for the pic!! last weeks adventures #yougotthewrongguy @ LA "
296392997975760000,Great times today on the mountain with Cobra from gi joe aka @tallywood #chairliftselfie so wack   @ Aspen 
296341993330708000,Beautiful day on the mountain today!! #nofilter  @ Aspen 
296301696622133000,Getting snowed in isn't that bad when u are in Aspen... Time to ride 
295990185823453000,Indoor snowmobiling last night... @tallywood is the wind hitting you a little too hard in the face? 
295971767065923000,Well it looks like I won't be leaving today... #snowedin  @ Aspen 
295859630251323000,Spread the word  @ Mentawais 
295813623018819000,Legends!! @tallywood Michael Ho _klaw_ great times... CC pmtenore @ Earth 
295771974716760000,Taking messages for @tallywood because his phone is dead... I will be sure to do this hahaha @ Earth 
295677019407147000,This stuff is legit!! Thank you @troyresq and resqwater  @ No Hangover 
295638254810722000,It's on 
294964690914791000,Feels so good to be around the snow.. You were right @sprandoni  @ Aspen 
294924574783569000,It's going down with @tallywood winter X here we come!! @ united sucks 
294676824246583000,reggie_bush22 letting @frankie_valli know wassup with cars.. Thank god somebody gets it @ Greystone 
294632011522523000,Today was a great day @nickswardson reggie_bush22 @frankie_valli thedeanmay @frankiedelgado #ratp @ LA 
294601145798782000,Chilling with my brothers from other mothers #tbt @frankiedelgado reggie_bush22 love these  @ Superbowl 
293891684843003000,My friends came to say hello again today 
293851757359009000,I see you lurking up there little chunk... Time to get your fat ass down from there and get some exercise. 
293770751977340000,Mornings at sea  @ Southern California 
293587227555020000,Hands down the best sushi around #nobu #livescalloptertiradito @ NOBU 
293506868318453000,"Went for a paddle today and had some surprise visitors... They swam with me for almost a mile!! @ Malibu, CA "
293179101550891000,Scored with tackelberry and diamondsworld #goodtimes 
292747035860426000,Crip Day for an adventure tackelberry diamondsworld 
292728932355145000,Packed up and headed out to sea with diamondsworld and tackelberry 
292389084318560000,Thirsty 
292300554737168000,Only use these when the waves are flat people... Early morning paddle.. Weather is warming up! @ Malibu 
292088192801333000,Don't you worry @sprandoni and @leahfelder uncle Brody is gonna take good care of him.... And yes t @ Malibu 
291782581043748000,The Boss @sunny_garcia 
291765931821133000,"Always good times with these guys @tooshort @sylvainbitton jttorregiani mattyosborn 
#hollywoodnights "
291621538782912000,Breakfast with my brother @sprandoni 
291603610914156000,"Check out my bud @sepp_bruhwiler surfing at home on  
 "
291566138192707000,Great way to start the day off 4k soft sand run.. Don't let this pic fool u.. It's 30 degrees outside. 
291348075740553000,Just posted a photo 
291235498721177000,Early morning beach run  @ P Cove 
291033025335132000,More photo edits on a little insider.. 
291011569918300000,Photo edit from the trip.. Wishing I was back in Indonesia  @ Mentawais 
290917436297990000,Did you miss me sweetheart? I sure missed you 
290898967217197000,My little cousin is growing up so fast. 
290867092528443000,"Man what a trip anthonymarcotti barely got under that one!  @ Kandui Resort, Mentawai Islands "
290697557116600000,Give me a kiss you little chunk!!! Hahaha  @ Malibu 
290663026951061000,Home sweet home  @ Los Angeles 
290446287856345000,He knows I'm almost home haha see u in 14 hours little chunk and u better not be wearing that silly harness! 
290314401406398000,Lil chunk when he was a pup.. See you soon buddy 
289974715420925000,Jamming #backincivilization @ Padang 
289924577700753000,Rush hour in the Mentawais  @ No Idea 
289640936764477000,"And the boys are out!! Thanks for everything #kanduiresort see u next year @ Kandui Resort, Mentawai Islands "
289592097420492000,Time for an island swim 
289575573469147000,"#Scored @ Kandui Resort, Mentawai Islands "
289539889429626000,No more sleeping under this thing :) 
289338387704463000,"Sure gonna miss this place.. The long journey home starts tomorrow  @ Kandui Resort, Mentawai Islands "
289240801488273000,tackelberry I found you a new pool truck!! Yeww!! @ Lake Indo 
289207675206631000,"Miss this little guy... Smile :) life is short... and no he is not dead, just on the other side of the world "
289160468206075000,Should I tell him? Haha anthonymarcotti 
288987442567057000,Waves are flat = the boys getting loose 
288885757437943000,"Don't even think about it anthonymarcotti you already got the wave of the @ Kandui Resort, Mentawai Islands "
288808078072225000,Fun session yesterday... Don't want to leave this place @ 4bobs 
288640483297751000,Always a good time playing with fireworks in the middle of nowhere... Follow my boy @blackpearl_sub .. The b 
288524545407721000,"It was the perfect day to #surfnaked hahaha can't believe I did this shit. @ Kandui Resort, Mentawai Islands "
288419023937470000,Great times yesterday anthonymarcotti I will never forget this day.. Good Man @ kanduiresort 
288283518772051000,Mission accomplished  @ #Kanduiresort 
288175856420007000,This pretty much sums up the day... anthonymarcotti chillin on his front porch #kanduiresort @ kanduiresort 
288064325812367000,Go time 
287838500789841000,There were a few guys out today so surfing naked is just gonna have to wait  @ Kandui 
287700654179364000,I got your back @justinbieber @ Mentawais 
